[{"domain": ".zhihu.com", "expiry": 1585443027.920783, "httpOnly": true, "name": "z_c0", "path": "/", "secure": false, "value": "\"2|1:0|10:1582851027|4:z_c0|92:Mi4xQkRENUFRQUFBQUFBc05VS0hXWGlFQ2NBQUFDRUFsVk4wX0JfWGdCMnRjYnI5S28ta2RFSE9DNE5QNEFINWU2MzR3|bdf0a134e7be3a436be63487e174f8f48b2b2d4cdb9446f4637fb9fe64ab7555\""}, {"domain": ".zhihu.com", "expiry": 1614387029, "httpOnly": false, "name": "Hm_lvt_98beee57fd2ef70ccdd5ca52b9740c49", "path": "/", "secure": false, "value": "1582851016"}, {"domain": ".zhihu.com", "expiry": 1677459016.382972, "httpOnly": false, "name": "d_c0", "path": "/", "secure": false, "value": "\"ALDVCh1l4hCPTnHwzYSK_jPxEIspmDSLjeE=|1582851016\""}, {"domain": ".zhihu.com", "expiry": 1582851075, "httpOnly": false, "name": "_gat_gtag_UA_149949619_1", "path": "/", "secure": false, "value": "1"}, {"domain": ".zhihu.com", "expiry": 1585443016.522406, "httpOnly": true, "name": "capsion_ticket", "path": "/", "secure": false, "value": "\"2|1:0|10:1582851016|14:capsion_ticket|44:N2MzY2ZjNTVhM2M4NGQzY2I2ZGZmYTA3ZTBhZTRhMzM=|b1b219a799aa3645ab61f83d7132b8ac713759fe20501c28e4c9bfded9bb0d78\""}, {"domain": ".zhihu.com", "expiry": 1582937428, "httpOnly": false, "name": "_gid", "path": "/", "secure": false, "value": "GA1.2.804272102.1582851015"}, {"domain": ".zhihu.com", "expiry": 1645923028, "httpOnly": false, "name": "_ga", "path": "/", "secure": false, "value": "GA1.2.1486067324.1582851015"}, {"domain": ".zhihu.com", "expiry": 1585443029, "httpOnly": false, "name": "tst", "path": "/", "secure": false, "value": "r"},  {"domain": ".zhihu.com", "expiry": 1645923014.704515, "httpOnly": false, "name": "_zap", "path": "/", "secure": false, "value": "c9e2d54b-d24d-4707-bf1e-201526c322ec"}, {"domain": ".zhihu.com", "expiry": 1585443230.94728, "httpOnly": true, "name": "z_c0", "path": "/", "secure": false, "value": "\"2|1:0|10:1582851231|4:z_c0|92:Mi4xQkRENUFRQUFBQUFBb0JuNHFtWGlFQ2NBQUFDRUFsVk5uX0ZfWGdBTTE2QTFqT3pwbGJVb1BLUnE0bWQtaW8tVGtB|28e978032fceb5c9ec841114e8ca2a100aed5cd3d44168d09119680f46a96c75\""}, {"domain": ".zhihu.com", "expiry": 1585443220.733443, "httpOnly": true, "name": "capsion_ticket", "path": "/", "secure": false, "value": "\"2|1:0|10:1582851220|14:capsion_ticket|44:MGVjODRlZDAxOGMwNDY5Njk3NDA4MGFkZjZiZGM2NGU=|8ca9080959310f950cf5005228cbafb79e9dec383b685421e607c4ac8f27bf36\""}, {"domain": ".zhihu.com", "expiry": 1582937632, "httpOnly": false, "name": "_gid", "path": "/", "secure": false, "value": "GA1.2.1353772371.1582851162"}, {"domain": ".zhihu.com", "expiry": 1645923232, "httpOnly": false, "name": "_ga", "path": "/", "secure": false, "value": "GA1.2.1533089692.1582851162"}, {"domain": ".zhihu.com", "expiry": 1677459161.718427, "httpOnly": false, "name": "d_c0", "path": "/", "secure": false, "value": "\"AKAZ-Kpl4hCPTvKTgR0NK6wS7_2fAGnHq5w=|1582851161\""}, {"domain": ".zhihu.com", "expiry": 1614387235, "httpOnly": false, "name": "Hm_lvt_98beee57fd2ef70ccdd5ca52b9740c49", "path": "/", "secure": false, "value": "1582851162"}, {"domain": ".zhihu.com", "expiry": 1582851292, "httpOnly": false, "name": "_gat_gtag_UA_149949619_1", "path": "/", "secure": false, "value": "1"}, {"domain": ".zhihu.com", "expiry": 1585443235, "httpOnly": false, "name": "tst", "path": "/", "secure": false, "value": "r"}, {"domain": ".zhihu.com", "expiry": 1645923160.632657, "httpOnly": false, "name": "_zap", "path": "/", "secure": false, "value": "e62450df-57a8-49f0-b0e4-be08f81495a4"}]